Dataset Name,Image Name,Characteristics [Organism],Term Source 1 REF,Term Source 1 Accession,Characteristics [Development stage],Term Source 2 REF,Term Source 2 Accession,Source Name,Experimental Condition,Comment [Image File Path],Comment [Image File Type],Channels
Figure01A,Embryo1.pattern,Mus musculus,NCBITaxon,10090,Zygote,UBERON,0000106,Embryo1,,Reichman-2018/Figure01A,raw,Cep192;EB3
Figure01A,Embryo10.pattern,Mus musculus,NCBITaxon,10090,Zygote,UBERON,0000106,Embryo10,,Reichman-2018/Figure01A,raw,Cep192;EB3
Figure01A,Embryo11.pattern,Mus musculus,NCBITaxon,10090,Zygote,UBERON,0000106,Embryo11,,Reichman-2018/Figure01A,raw,Cep192;EB3
Figure01A,Embryo12.pattern,Mus musculus,NCBITaxon,10090,Zygote,UBERON,0000106,Embryo12,,Reichman-2018/Figure01A,raw,Cep192;EB3
Figure01A,Embryo13.pattern,Mus musculus,NCBITaxon,10090,Zygote,UBERON,0000106,Embryo13,,Reichman-2018/Figure01A,raw,Cep192;EB3
Figure01A,Embryo2.pattern,Mus musculus,NCBITaxon,10090,Zygote,UBERON,0000106,Embryo2,,Reichman-2018/Figure01A,raw,Cep192;EB3
Figure01A,Embryo3.pattern,Mus musculus,NCBITaxon,10090,Zygote,UBERON,0000106,Embryo3,,Reichman-2018/Figure01A,raw,Cep192;EB3
Figure01A,Embryo4.pattern,Mus musculus,NCBITaxon,10090,Zygote,UBERON,0000106,Embryo4,,Reichman-2018/Figure01A,raw,Cep192;EB3
Figure01A,Embryo5.pattern,Mus musculus,NCBITaxon,10090,Zygote,UBERON,0000106,Embryo5,,Reichman-2018/Figure01A,raw,Cep192;EB3
Figure01A,Embryo6.pattern,Mus musculus,NCBITaxon,10090,Zygote,UBERON,0000106,Embryo6,,Reichman-2018/Figure01A,raw,Cep192;EB3
Figure01A,Embryo7.pattern,Mus musculus,NCBITaxon,10090,Zygote,UBERON,0000106,Embryo7,,Reichman-2018/Figure01A,raw,Cep192;EB3
Figure01A,Embryo8.pattern,Mus musculus,NCBITaxon,10090,Zygote,UBERON,0000106,Embryo8,,Reichman-2018/Figure01A,raw,Cep192;EB3
Figure01A,Embryo9.pattern,Mus musculus,NCBITaxon,10090,Zygote,UBERON,0000106,Embryo9,,Reichman-2018/Figure01A,raw,Cep192;EB3
Figure01C,Metaphase1.lif,Mus musculus,NCBITaxon,10090,Zygote,UBERON,0000106,Metaphase1,metaphase,Reichman-2018/Figure01C,raw,crest; pericentrin; tubulin; DNA
Figure01C,Metaphase2.lif,Mus musculus,NCBITaxon,10090,Zygote,UBERON,0000106,Metaphase2,metaphase,Reichman-2018/Figure01C,raw,crest; pericentrin; tubulin; DNA
Figure01C,Metaphase3.lif [Series003],Mus musculus,NCBITaxon,10090,Zygote,UBERON,0000106,Metaphase3,metaphase,Reichman-2018/Figure01C,raw,crest; pericentrin; tubulin; DNA
Figure01C,Metaphase3.lif [Series006],Mus musculus,NCBITaxon,10090,Zygote,UBERON,0000106,Metaphase3,metaphase,Reichman-2018/Figure01C,raw,crest; pericentrin; tubulin; DNA
Figure01C,MicrotubuleBallStage1.lif,Mus musculus,NCBITaxon,10090,Zygote,UBERON,0000106,MicrotubuleBallStage1,microtubule ball stage,Reichman-2018/Figure01C,raw,crest; pericentrin; tubulin; DNA
Figure01C,MicrotubuleBallStage2.lif,Mus musculus,NCBITaxon,10090,Zygote,UBERON,0000106,MicrotubuleBallStage2,microtubule ball stage,Reichman-2018/Figure01C,raw,crest; pericentrin; tubulin; DNA
Figure01C,MicrotubuleBallStage3.lif,Mus musculus,NCBITaxon,10090,Zygote,UBERON,0000106,MicrotubuleBallStage3,microtubule ball stage,Reichman-2018/Figure01C,raw,crest; pericentrin; tubulin; DNA
Figure01C,MicrotubuleBallStage4.lif [Series003],Mus musculus,NCBITaxon,10090,Zygote,UBERON,0000106,MicrotubuleBallStage4,microtubule ball stage,Reichman-2018/Figure01C,raw,crest; pericentrin; tubulin; DNA
Figure01C,MicrotubuleBallStage4.lif [Series006],Mus musculus,NCBITaxon,10090,Zygote,UBERON,0000106,MicrotubuleBallStage4,microtubule ball stage,Reichman-2018/Figure01C,raw,crest; pericentrin; tubulin; DNA
Figure01C,Prometaphase1.lif,Mus musculus,NCBITaxon,10090,Zygote,UBERON,0000106,Prometaphase1,prometaphase,Reichman-2018/Figure01C,raw,crest; pericentrin; tubulin; DNA
Figure01C,Prometaphase3.lif [Preview002],Mus musculus,NCBITaxon,10090,Zygote,UBERON,0000106,Prometaphase3,prometaphase,Reichman-2018/Figure01C,raw,crest; pericentrin; tubulin; DNA
Figure01C, Prometaphase3.lif [Series001],Mus musculus,NCBITaxon,10090,Zygote,UBERON,0000106,Prometaphase3,prometaphase,Reichman-2018/Figure01C,raw,crest; pericentrin; tubulin; DNA
Figure01C,Prometaphase4.lif,Mus musculus,NCBITaxon,10090,Zygote,UBERON,0000106,Prometaphase4,prometaphase,Reichman-2018/Figure01C,raw,crest; pericentrin; tubulin; DNA
Figure01D,PM1.tif,Mus musculus,NCBITaxon,10090,Zygote,UBERON,0000106,PM1,prometaphase,Reichman-2018/Figure01D,raw,tubulin; crest; DNA; pericentrin
Figure01D,PM10.tif,Mus musculus,NCBITaxon,10090,Zygote,UBERON,0000106,PM10,prometaphase,Reichman-2018/Figure01D,raw,tubulin; crest; DNA; pericentrin
Figure01D,PM11.tif,Mus musculus,NCBITaxon,10090,Zygote,UBERON,0000106,PM11,prometaphase,Reichman-2018/Figure01D,raw,tubulin; crest; DNA; pericentrin
Figure01D,PM12.tif,Mus musculus,NCBITaxon,10090,Zygote,UBERON,0000106,PM12,prometaphase,Reichman-2018/Figure01D,raw,tubulin; crest; DNA; pericentrin
Figure01D,PM13.tif,Mus musculus,NCBITaxon,10090,Zygote,UBERON,0000106,PM13,prometaphase,Reichman-2018/Figure01D,raw,tubulin; crest; DNA; pericentrin
Figure01D,PM14.tif,Mus musculus,NCBITaxon,10090,Zygote,UBERON,0000106,PM14,prometaphase,Reichman-2018/Figure01D,raw,tubulin; crest; DNA; pericentrin
Figure01D,PM15.tif,Mus musculus,NCBITaxon,10090,Zygote,UBERON,0000106,PM15,prometaphase,Reichman-2018/Figure01D,raw,tubulin; crest; DNA; pericentrin
Figure01D,PM16.tif,Mus musculus,NCBITaxon,10090,Zygote,UBERON,0000106,PM16,prometaphase,Reichman-2018/Figure01D,raw,tubulin; crest; DNA; pericentrin
Figure01D,PM17.tif,Mus musculus,NCBITaxon,10090,Zygote,UBERON,0000106,PM17,prometaphase,Reichman-2018/Figure01D,raw,tubulin; crest; DNA; pericentrin
Figure01D,PM18.tif,Mus musculus,NCBITaxon,10090,Zygote,UBERON,0000106,PM18,prometaphase,Reichman-2018/Figure01D,raw,tubulin; crest; DNA; pericentrin
Figure01D,PM19.tif,Mus musculus,NCBITaxon,10090,Zygote,UBERON,0000106,PM19,prometaphase,Reichman-2018/Figure01D,raw,tubulin; crest; DNA; pericentrin
Figure01D,PM2.tif,Mus musculus,NCBITaxon,10090,Zygote,UBERON,0000106,PM2,prometaphase,Reichman-2018/Figure01D,raw,tubulin; crest; DNA; pericentrin
Figure01D,PM20.tif,Mus musculus,NCBITaxon,10090,Zygote,UBERON,0000106,PM20,prometaphase,Reichman-2018/Figure01D,raw,tubulin; crest; DNA; pericentrin
Figure01D,PM21.tif,Mus musculus,NCBITaxon,10090,Zygote,UBERON,0000106,PM21,prometaphase,Reichman-2018/Figure01D,raw,tubulin; crest; DNA; pericentrin
Figure01D,PM22.tif,Mus musculus,NCBITaxon,10090,Zygote,UBERON,0000106,PM22,prometaphase,Reichman-2018/Figure01D,raw,tubulin; crest; DNA; pericentrin
Figure01D,PM23.tif,Mus musculus,NCBITaxon,10090,Zygote,UBERON,0000106,PM23,prometaphase,Reichman-2018/Figure01D,raw,tubulin; crest; DNA; pericentrin
Figure01D,PM24.tif,Mus musculus,NCBITaxon,10090,Zygote,UBERON,0000106,PM24,prometaphase,Reichman-2018/Figure01D,raw,tubulin; crest; DNA; pericentrin
Figure01D,PM3.tif,Mus musculus,NCBITaxon,10090,Zygote,UBERON,0000106,PM3,prometaphase,Reichman-2018/Figure01D,raw,tubulin; crest; DNA; pericentrin
Figure01D,PM4.tif,Mus musculus,NCBITaxon,10090,Zygote,UBERON,0000106,PM4,prometaphase,Reichman-2018/Figure01D,raw,tubulin; crest; DNA; pericentrin
Figure01D,PM5.tif,Mus musculus,NCBITaxon,10090,Zygote,UBERON,0000106,PM5,prometaphase,Reichman-2018/Figure01D,raw,tubulin; crest; DNA; pericentrin
Figure01D,PM6.tif,Mus musculus,NCBITaxon,10090,Zygote,UBERON,0000106,PM6,prometaphase,Reichman-2018/Figure01D,raw,tubulin; crest; DNA; pericentrin
Figure01D,PM7.tif,Mus musculus,NCBITaxon,10090,Zygote,UBERON,0000106,PM7,prometaphase,Reichman-2018/Figure01D,raw,tubulin; crest; DNA; pericentrin
Figure01D,PM8.tif,Mus musculus,NCBITaxon,10090,Zygote,UBERON,0000106,PM8,prometaphase,Reichman-2018/Figure01D,raw,tubulin; crest; DNA; pericentrin
Figure01D,PM9.tif,Mus musculus,NCBITaxon,10090,Zygote,UBERON,0000106,PM9,prometaphase,Reichman-2018/Figure01D,raw,tubulin; crest; DNA; pericentrin
Figure02,Embryo01.pattern,Mus musculus x Mus spretus,NCBITaxon,186842,Zygote,UBERON,0000106,Embryo01,Untreated,Reichman-2018/Figure02,raw,Major satellites TALE;Minor satellites TALE;EB3
Figure02,Embryo02.pattern,Mus musculus x Mus spretus,NCBITaxon,186842,Zygote,UBERON,0000106,Embryo02,Untreated,Reichman-2018/Figure02,raw,Major satellites TALE;Minor satellites TALE;EB3
Figure02,Embryo03.pattern,Mus musculus x Mus spretus,NCBITaxon,186842,Zygote,UBERON,0000106,Embryo03,Untreated,Reichman-2018/Figure02,raw,Major satellites TALE;Minor satellites TALE;EB3
Figure02,Embryo04.pattern,Mus musculus x Mus spretus,NCBITaxon,186842,Zygote,UBERON,0000106,Embryo04,Untreated,Reichman-2018/Figure02,raw,Major satellites TALE;Minor satellites TALE;EB3
Figure02,Embryo05.pattern,Mus musculus x Mus spretus,NCBITaxon,186842,Zygote,UBERON,0000106,Embryo05,Untreated,Reichman-2018/Figure02,raw,Major satellites TALE;Minor satellites TALE;EB3
Figure02,Embryo06.pattern,Mus musculus x Mus spretus,NCBITaxon,186842,Zygote,UBERON,0000106,Embryo06,Untreated,Reichman-2018/Figure02,raw,Major satellites TALE;Minor satellites TALE;EB3
Figure02,Embryo07.pattern,Mus musculus x Mus spretus,NCBITaxon,186842,Zygote,UBERON,0000106,Embryo07,Untreated,Reichman-2018/Figure02,raw,Major satellites TALE;Minor satellites TALE;EB3
Figure02,Embryo08.pattern,Mus musculus x Mus spretus,NCBITaxon,186842,Zygote,UBERON,0000106,Embryo08,Untreated,Reichman-2018/Figure02,raw,Major satellites TALE;Minor satellites TALE;EB3
Figure02,Embryo09.pattern,Mus musculus x Mus spretus,NCBITaxon,186842,Zygote,UBERON,0000106,Embryo09,Untreated,Reichman-2018/Figure02,raw,Major satellites TALE;Minor satellites TALE;EB3
Figure02,Embryo10.pattern,Mus musculus x Mus spretus,NCBITaxon,186842,Zygote,UBERON,0000106,Embryo10,Untreated,Reichman-2018/Figure02,raw,Major satellites TALE;Minor satellites TALE;EB3
Figure02,Embryo11.pattern,Mus musculus x Mus spretus,NCBITaxon,186842,Zygote,UBERON,0000106,Embryo11,Untreated,Reichman-2018/Figure02,raw,Major satellites TALE;Minor satellites TALE;EB3
Figure02,Embryo12.pattern,Mus musculus x Mus spretus,NCBITaxon,186842,Zygote,UBERON,0000106,Embryo12,Untreated,Reichman-2018/Figure02,raw,Major satellites TALE;Minor satellites TALE;EB3
Figure03,Embryo01.pattern,Mus musculus,NCBITaxon,10090,Zygote,UBERON,0000106,Embryo01,Untreated,Reichman-2018/Figure03,raw,alpha-tubulin;H2B
Figure03,Embryo02.pattern,Mus musculus,NCBITaxon,10090,Zygote,UBERON,0000106,Embryo02,Untreated,Reichman-2018/Figure03,raw,alpha-tubulin;H2B
Figure03,Embryo03.pattern,Mus musculus,NCBITaxon,10090,Zygote,UBERON,0000106,Embryo03,Untreated,Reichman-2018/Figure03,raw,alpha-tubulin;H2B
Figure03,Embryo04.pattern,Mus musculus,NCBITaxon,10090,Zygote,UBERON,0000106,Embryo04,Untreated,Reichman-2018/Figure03,raw,alpha-tubulin;H2B
Figure03,Embryo05.pattern,Mus musculus,NCBITaxon,10090,Zygote,UBERON,0000106,Embryo05,Untreated,Reichman-2018/Figure03,raw,alpha-tubulin;H2B
Figure03,Embryo06.pattern,Mus musculus,NCBITaxon,10090,Zygote,UBERON,0000106,Embryo06,Untreated,Reichman-2018/Figure03,raw,alpha-tubulin;H2B
Figure03,Embryo07.pattern,Mus musculus,NCBITaxon,10090,Zygote,UBERON,0000106,Embryo07,Untreated,Reichman-2018/Figure03,raw,alpha-tubulin;H2B
Figure03,Embryo08.pattern,Mus musculus,NCBITaxon,10090,Zygote,UBERON,0000106,Embryo08,Untreated,Reichman-2018/Figure03,raw,alpha-tubulin;H2B
Figure03,Embryo09.pattern,Mus musculus,NCBITaxon,10090,Zygote,UBERON,0000106,Embryo09,Untreated,Reichman-2018/Figure03,raw,alpha-tubulin;H2B
Figure03,Embryo10.pattern,Mus musculus,NCBITaxon,10090,Zygote,UBERON,0000106,Embryo10,Untreated,Reichman-2018/Figure03,raw,alpha-tubulin;H2B
Figure03,Embryo11.pattern,Mus musculus,NCBITaxon,10090,Zygote,UBERON,0000106,Embryo11,Untreated,Reichman-2018/Figure03,raw,alpha-tubulin;H2B
Figure03,Embryo12.pattern,Mus musculus,NCBITaxon,10090,Zygote,UBERON,0000106,Embryo12,Untreated,Reichman-2018/Figure03,raw,alpha-tubulin;H2B
Figure03,Embryo13.pattern,Mus musculus,NCBITaxon,10090,Zygote,UBERON,0000106,Embryo13,Untreated,Reichman-2018/Figure03,raw,alpha-tubulin;H2B
Figure03,Embryo14.pattern,Mus musculus,NCBITaxon,10090,Zygote,UBERON,0000106,Embryo14,Untreated,Reichman-2018/Figure03,raw,alpha-tubulin;H2B
Figure03,Embryo15.pattern,Mus musculus,NCBITaxon,10090,Zygote,UBERON,0000106,Embryo15,Untreated,Reichman-2018/Figure03,raw,alpha-tubulin;H2B
Figure03,Embryo16.pattern,Mus musculus,NCBITaxon,10090,Zygote,UBERON,0000106,Embryo16,Untreated,Reichman-2018/Figure03,raw,alpha-tubulin;H2B
Figure03,Embryo17.pattern,Mus musculus,NCBITaxon,10090,Zygote,UBERON,0000106,Embryo17,Untreated,Reichman-2018/Figure03,raw,alpha-tubulin;H2B
Figure03,Embryo18.pattern,Mus musculus,NCBITaxon,10090,Zygote,UBERON,0000106,Embryo18,Untreated,Reichman-2018/Figure03,raw,alpha-tubulin;H2B
Figure03,Embryo19.pattern,Mus musculus,NCBITaxon,10090,Zygote,UBERON,0000106,Embryo19,Untreated,Reichman-2018/Figure03,raw,alpha-tubulin;H2B
Figure04,MoNoc.Cell01.pattern,Mus musculus x Mus spretus,NCBITaxon,186842,Zygote,UBERON,0000106,Cell01,Monastrol then nocodazole,Reichman-2018/Figure04,raw,Major satellites TALE;Minor satellites TALE
Figure04,MoNoc.Cell02.pattern,Mus musculus x Mus spretus,NCBITaxon,186842,Zygote,UBERON,0000106,Cell02,Monastrol then nocodazole,Reichman-2018/Figure04,raw,Major satellites TALE;Minor satellites TALE
Figure04,MoNoc.Cell03.pattern,Mus musculus x Mus spretus,NCBITaxon,186842,Zygote,UBERON,0000106,Cell03,Monastrol then nocodazole,Reichman-2018/Figure04,raw,Major satellites TALE;Minor satellites TALE
Figure04,MoNoc.Cell04.pattern,Mus musculus x Mus spretus,NCBITaxon,186842,Zygote,UBERON,0000106,Cell04,Monastrol then nocodazole,Reichman-2018/Figure04,raw,Major satellites TALE;Minor satellites TALE
Figure04,MoNoc.Cell05.pattern,Mus musculus x Mus spretus,NCBITaxon,186842,Zygote,UBERON,0000106,Cell05,Monastrol then nocodazole,Reichman-2018/Figure04,raw,Major satellites TALE;Minor satellites TALE
Figure04,MoNoc.Cell06.pattern,Mus musculus x Mus spretus,NCBITaxon,186842,Zygote,UBERON,0000106,Cell06,Monastrol then nocodazole,Reichman-2018/Figure04,raw,Major satellites TALE;Minor satellites TALE
Figure04,MoNoc.Cell07.pattern,Mus musculus x Mus spretus,NCBITaxon,186842,Zygote,UBERON,0000106,Cell07,Monastrol then nocodazole,Reichman-2018/Figure04,raw,Major satellites TALE;Minor satellites TALE
Figure04,MoNoc.Cell08.pattern,Mus musculus x Mus spretus,NCBITaxon,186842,Zygote,UBERON,0000106,Cell08,Monastrol then nocodazole,Reichman-2018/Figure04,raw,Major satellites TALE;Minor satellites TALE
Figure04,MoNoc.Cell09.pattern,Mus musculus x Mus spretus,NCBITaxon,186842,Zygote,UBERON,0000106,Cell09,Monastrol then nocodazole,Reichman-2018/Figure04,raw,Major satellites TALE;Minor satellites TALE
Figure04,MoNoc.Cell10.pattern,Mus musculus x Mus spretus,NCBITaxon,186842,Zygote,UBERON,0000106,Cell10,Monastrol then nocodazole,Reichman-2018/Figure04,raw,Major satellites TALE;Minor satellites TALE
Figure04,MoNoc.Cell11.pattern,Mus musculus x Mus spretus,NCBITaxon,186842,Zygote,UBERON,0000106,Cell11,Monastrol then nocodazole,Reichman-2018/Figure04,raw,Major satellites TALE;Minor satellites TALE
Figure04,MoNoc.Cell12.pattern,Mus musculus x Mus spretus,NCBITaxon,186842,Zygote,UBERON,0000106,Cell12,Monastrol then nocodazole,Reichman-2018/Figure04,raw,Major satellites TALE;Minor satellites TALE
Figure04,MoNoc.Cell13.pattern,Mus musculus x Mus spretus,NCBITaxon,186842,Zygote,UBERON,0000106,Cell13,Monastrol then nocodazole,Reichman-2018/Figure04,raw,Major satellites TALE;Minor satellites TALE
Figure04,MoNoc.Cell14.pattern,Mus musculus x Mus spretus,NCBITaxon,186842,Zygote,UBERON,0000106,Cell14,Monastrol then nocodazole,Reichman-2018/Figure04,raw,Major satellites TALE;Minor satellites TALE
Figure04,MoNoc.Cell15.pattern,Mus musculus x Mus spretus,NCBITaxon,186842,Zygote,UBERON,0000106,Cell15,Monastrol then nocodazole,Reichman-2018/Figure04,raw,Major satellites TALE;Minor satellites TALE
Figure04,MoNoc.Cell16.pattern,Mus musculus x Mus spretus,NCBITaxon,186842,Zygote,UBERON,0000106,Cell16,Monastrol then nocodazole,Reichman-2018/Figure04,raw,Major satellites TALE;Minor satellites TALE
Figure04,NocMo.Cell01.pattern,Mus musculus x Mus spretus,NCBITaxon,186842,Zygote,UBERON,0000106,Cell01,Nocodazole then monastrol,Reichman-2018/Figure04,raw,Major satellites TALE;Minor satellites TALE
Figure04,NocMo.Cell02.pattern,Mus musculus x Mus spretus,NCBITaxon,186842,Zygote,UBERON,0000106,Cell02,Nocodazole then monastrol,Reichman-2018/Figure04,raw,Major satellites TALE;Minor satellites TALE
Figure04,NocMo.Cell03.pattern,Mus musculus x Mus spretus,NCBITaxon,186842,Zygote,UBERON,0000106,Cell03,Nocodazole then monastrol,Reichman-2018/Figure04,raw,Major satellites TALE;Minor satellites TALE
Figure04,NocMo.Cell04.pattern,Mus musculus x Mus spretus,NCBITaxon,186842,Zygote,UBERON,0000106,Cell04,Nocodazole then monastrol,Reichman-2018/Figure04,raw,Major satellites TALE;Minor satellites TALE
Figure04,NocMo.Cell05.pattern,Mus musculus x Mus spretus,NCBITaxon,186842,Zygote,UBERON,0000106,Cell05,Nocodazole then monastrol,Reichman-2018/Figure04,raw,Major satellites TALE;Minor satellites TALE
Figure04,NocMo.Cell06.pattern,Mus musculus x Mus spretus,NCBITaxon,186842,Zygote,UBERON,0000106,Cell06,Nocodazole then monastrol,Reichman-2018/Figure04,raw,Major satellites TALE;Minor satellites TALE
Figure04,NocMo.Cell07.pattern,Mus musculus x Mus spretus,NCBITaxon,186842,Zygote,UBERON,0000106,Cell07,Nocodazole then monastrol,Reichman-2018/Figure04,raw,Major satellites TALE;Minor satellites TALE
Figure04,NocMo.Cell08.pattern,Mus musculus x Mus spretus,NCBITaxon,186842,Zygote,UBERON,0000106,Cell08,Nocodazole then monastrol,Reichman-2018/Figure04,raw,Major satellites TALE;Minor satellites TALE
Figure04,NocMo.Cell09.pattern,Mus musculus x Mus spretus,NCBITaxon,186842,Zygote,UBERON,0000106,Cell09,Nocodazole then monastrol,Reichman-2018/Figure04,raw,Major satellites TALE;Minor satellites TALE
Figure04,NocMo.Cell10.pattern,Mus musculus x Mus spretus,NCBITaxon,186842,Zygote,UBERON,0000106,Cell10,Nocodazole then monastrol,Reichman-2018/Figure04,raw,Major satellites TALE;Minor satellites TALE
Figure04,NocMo.Cell11.pattern,Mus musculus x Mus spretus,NCBITaxon,186842,Zygote,UBERON,0000106,Cell11,Nocodazole then monastrol,Reichman-2018/Figure04,raw,Major satellites TALE;Minor satellites TALE
Figure04,NocMo.Cell12.pattern,Mus musculus x Mus spretus,NCBITaxon,186842,Zygote,UBERON,0000106,Cell12,Nocodazole then monastrol,Reichman-2018/Figure04,raw,Major satellites TALE;Minor satellites TALE
Figure04,Untreated.Cell01.pattern,Mus musculus x Mus spretus,NCBITaxon,186842,Zygote,UBERON,0000106,Cell01,Untreated,Reichman-2018/Figure04,raw,Major satellites TALE;Minor satellites TALE
Figure04,Untreated.Cell02.pattern,Mus musculus x Mus spretus,NCBITaxon,186842,Zygote,UBERON,0000106,Cell02,Untreated,Reichman-2018/Figure04,raw,Major satellites TALE;Minor satellites TALE
Figure04,Untreated.Cell03.pattern,Mus musculus x Mus spretus,NCBITaxon,186842,Zygote,UBERON,0000106,Cell03,Untreated,Reichman-2018/Figure04,raw,Major satellites TALE;Minor satellites TALE
Figure04,Untreated.Cell04.pattern,Mus musculus x Mus spretus,NCBITaxon,186842,Zygote,UBERON,0000106,Cell04,Untreated,Reichman-2018/Figure04,raw,Major satellites TALE;Minor satellites TALE
Figure04,Untreated.Cell05.pattern,Mus musculus x Mus spretus,NCBITaxon,186842,Zygote,UBERON,0000106,Cell05,Untreated,Reichman-2018/Figure04,raw,Major satellites TALE;Minor satellites TALE
Figure04,Untreated.Cell06.pattern,Mus musculus x Mus spretus,NCBITaxon,186842,Zygote,UBERON,0000106,Cell06,Untreated,Reichman-2018/Figure04,raw,Major satellites TALE;Minor satellites TALE
Figure04,Untreated.Cell07.pattern,Mus musculus x Mus spretus,NCBITaxon,186842,Zygote,UBERON,0000106,Cell07,Untreated,Reichman-2018/Figure04,raw,Major satellites TALE;Minor satellites TALE
Figure04,Untreated.Cell08.pattern,Mus musculus x Mus spretus,NCBITaxon,186842,Zygote,UBERON,0000106,Cell08,Untreated,Reichman-2018/Figure04,raw,Major satellites TALE;Minor satellites TALE
Figure04,Untreated.Cell09.pattern,Mus musculus x Mus spretus,NCBITaxon,186842,Zygote,UBERON,0000106,Cell09,Untreated,Reichman-2018/Figure04,raw,Major satellites TALE;Minor satellites TALE
Figure04,Untreated.Cell10.pattern,Mus musculus x Mus spretus,NCBITaxon,186842,Zygote,UBERON,0000106,Cell10,Untreated,Reichman-2018/Figure04,raw,Major satellites TALE;Minor satellites TALE
Figure04,Untreated.Cell11.pattern,Mus musculus x Mus spretus,NCBITaxon,186842,Zygote,UBERON,0000106,Cell11,Untreated,Reichman-2018/Figure04,raw,Major satellites TALE;Minor satellites TALE
Figure04,Untreated.Cell12.pattern,Mus musculus x Mus spretus,NCBITaxon,186842,Zygote,UBERON,0000106,Cell12,Untreated,Reichman-2018/Figure04,raw,Major satellites TALE;Minor satellites TALE
Figure04,Untreated.Cell13.pattern,Mus musculus x Mus spretus,NCBITaxon,186842,Zygote,UBERON,0000106,Cell13,Untreated,Reichman-2018/Figure04,raw,Major satellites TALE;Minor satellites TALE
Figure04,Untreated.Cell14.pattern,Mus musculus x Mus spretus,NCBITaxon,186842,Zygote,UBERON,0000106,Cell14,Untreated,Reichman-2018/Figure04,raw,Major satellites TALE;Minor satellites TALE
Figure04,Untreated.Cell15.pattern,Mus musculus x Mus spretus,NCBITaxon,186842,Zygote,UBERON,0000106,Cell15,Untreated,Reichman-2018/Figure04,raw,Major satellites TALE;Minor satellites TALE
Figure04,Untreated.Cell16.pattern,Mus musculus x Mus spretus,NCBITaxon,186842,Zygote,UBERON,0000106,Cell16,Untreated,Reichman-2018/Figure04,raw,Major satellites TALE;Minor satellites TALE
Figure04,Untreated.Cell17.pattern,Mus musculus x Mus spretus,NCBITaxon,186842,Zygote,UBERON,0000106,Cell17,Untreated,Reichman-2018/Figure04,raw,Major satellites TALE;Minor satellites TALE
Figure04,Untreated.Cell18.pattern,Mus musculus x Mus spretus,NCBITaxon,186842,Zygote,UBERON,0000106,Cell18,Untreated,Reichman-2018/Figure04,raw,Major satellites TALE;Minor satellites TALE
Figure04,Untreated.Cell19.pattern,Mus musculus x Mus spretus,NCBITaxon,186842,Zygote,UBERON,0000106,Cell19,Untreated,Reichman-2018/Figure04,raw,Major satellites TALE;Minor satellites TALE
Figure04,Untreated.Cell20.pattern,Mus musculus x Mus spretus,NCBITaxon,186842,Zygote,UBERON,0000106,Cell20,Untreated,Reichman-2018/Figure04,raw,Major satellites TALE;Minor satellites TALE
Figure04,Untreated.Cell21.pattern,Mus musculus x Mus spretus,NCBITaxon,186842,Zygote,UBERON,0000106,Cell21,Untreated,Reichman-2018/Figure04,raw,Major satellites TALE;Minor satellites TALE
Figure04,Untreated.Cell22.pattern,Mus musculus x Mus spretus,NCBITaxon,186842,Zygote,UBERON,0000106,Cell22,Untreated,Reichman-2018/Figure04,raw,Major satellites TALE;Minor satellites TALE
Figure04,Untreated.Cell23.pattern,Mus musculus x Mus spretus,NCBITaxon,186842,Zygote,UBERON,0000106,Cell23,Untreated,Reichman-2018/Figure04,raw,Major satellites TALE;Minor satellites TALE
Figure04,Untreated.Cell24.pattern,Mus musculus x Mus spretus,NCBITaxon,186842,Zygote,UBERON,0000106,Cell24,Untreated,Reichman-2018/Figure04,raw,Major satellites TALE;Minor satellites TALE
Figure04,Untreated.Cell25.pattern,Mus musculus x Mus spretus,NCBITaxon,186842,Zygote,UBERON,0000106,Cell25,Untreated,Reichman-2018/Figure04,raw,Major satellites TALE;Minor satellites TALE
Figure04,Untreated.Cell26.pattern,Mus musculus x Mus spretus,NCBITaxon,186842,Zygote,UBERON,0000106,Cell26,Untreated,Reichman-2018/Figure04,raw,Major satellites TALE;Minor satellites TALE
Figure04,Untreated.Cell27.pattern,Mus musculus x Mus spretus,NCBITaxon,186842,Zygote,UBERON,0000106,Cell27,Untreated,Reichman-2018/Figure04,raw,Major satellites TALE;Minor satellites TALE
Figure04,Untreated.Cell28.pattern,Mus musculus x Mus spretus,NCBITaxon,186842,Zygote,UBERON,0000106,Cell28,Untreated,Reichman-2018/Figure04,raw,Major satellites TALE;Minor satellites TALE
Figure04,Untreated.Cell29.pattern,Mus musculus x Mus spretus,NCBITaxon,186842,Zygote,UBERON,0000106,Cell29,Untreated,Reichman-2018/Figure04,raw,Major satellites TALE;Minor satellites TALE
Figure04,Untreated.Cell30.pattern,Mus musculus x Mus spretus,NCBITaxon,186842,Zygote,UBERON,0000106,Cell30,Untreated,Reichman-2018/Figure04,raw,Major satellites TALE;Minor satellites TALE
Figure04,Untreated.Cell31.pattern,Mus musculus x Mus spretus,NCBITaxon,186842,Zygote,UBERON,0000106,Cell31,Untreated,Reichman-2018/Figure04,raw,Major satellites TALE;Minor satellites TALE
SupplementaryFigure01,Embryo1.pattern,Mus musculus x Mus spretus,NCBITaxon,186842,Zygote,UBERON,0000106,Embryo1,Untreated,Reichman-2018/SupplementaryFigure01,raw,Major satellites TALE;Minor satellites TALE;H2B
SupplementaryFigure01,Embryo10.pattern,Mus musculus x Mus spretus,NCBITaxon,186842,Zygote,UBERON,0000106,Embryo10,Untreated,Reichman-2018/SupplementaryFigure01,raw,Major satellites TALE;Minor satellites TALE;H2B
SupplementaryFigure01,Embryo11.pattern,Mus musculus x Mus spretus,NCBITaxon,186842,Zygote,UBERON,0000106,Embryo11,Untreated,Reichman-2018/SupplementaryFigure01,raw,Major satellites TALE;Minor satellites TALE;H2B
SupplementaryFigure01,Embryo12.pattern,Mus musculus x Mus spretus,NCBITaxon,186842,Zygote,UBERON,0000106,Embryo12,Untreated,Reichman-2018/SupplementaryFigure01,raw,Major satellites TALE;Minor satellites TALE;H2B
SupplementaryFigure01,Embryo13.pattern,Mus musculus x Mus spretus,NCBITaxon,186842,Zygote,UBERON,0000106,Embryo13,Untreated,Reichman-2018/SupplementaryFigure01,raw,Major satellites TALE;Minor satellites TALE;H2B
SupplementaryFigure01,Embryo14.pattern,Mus musculus x Mus spretus,NCBITaxon,186842,Zygote,UBERON,0000106,Embryo14,Untreated,Reichman-2018/SupplementaryFigure01,raw,Major satellites TALE;Minor satellites TALE;H2B
SupplementaryFigure01,Embryo15.pattern,Mus musculus x Mus spretus,NCBITaxon,186842,Zygote,UBERON,0000106,Embryo15,Untreated,Reichman-2018/SupplementaryFigure01,raw,Major satellites TALE;Minor satellites TALE;H2B
SupplementaryFigure01,Embryo16.pattern,Mus musculus x Mus spretus,NCBITaxon,186842,Zygote,UBERON,0000106,Embryo16,Untreated,Reichman-2018/SupplementaryFigure01,raw,Major satellites TALE;Minor satellites TALE;H2B
SupplementaryFigure01,Embryo17.pattern,Mus musculus x Mus spretus,NCBITaxon,186842,Zygote,UBERON,0000106,Embryo17,Untreated,Reichman-2018/SupplementaryFigure01,raw,Major satellites TALE;Minor satellites TALE;H2B
SupplementaryFigure01,Embryo18.pattern,Mus musculus x Mus spretus,NCBITaxon,186842,Zygote,UBERON,0000106,Embryo18,Untreated,Reichman-2018/SupplementaryFigure01,raw,Major satellites TALE;Minor satellites TALE;H2B
SupplementaryFigure01,Embryo19.pattern,Mus musculus x Mus spretus,NCBITaxon,186842,Zygote,UBERON,0000106,Embryo19,Untreated,Reichman-2018/SupplementaryFigure01,raw,Major satellites TALE;Minor satellites TALE;H2B
SupplementaryFigure01,Embryo2.pattern,Mus musculus x Mus spretus,NCBITaxon,186842,Zygote,UBERON,0000106,Embryo2,Untreated,Reichman-2018/SupplementaryFigure01,raw,Major satellites TALE;Minor satellites TALE;H2B
SupplementaryFigure01,Embryo3.pattern,Mus musculus x Mus spretus,NCBITaxon,186842,Zygote,UBERON,0000106,Embryo3,Untreated,Reichman-2018/SupplementaryFigure01,raw,Major satellites TALE;Minor satellites TALE;H2B
SupplementaryFigure01,Embryo4.pattern,Mus musculus x Mus spretus,NCBITaxon,186842,Zygote,UBERON,0000106,Embryo4,Untreated,Reichman-2018/SupplementaryFigure01,raw,Major satellites TALE;Minor satellites TALE;H2B
SupplementaryFigure01,Embryo5.pattern,Mus musculus x Mus spretus,NCBITaxon,186842,Zygote,UBERON,0000106,Embryo5,Untreated,Reichman-2018/SupplementaryFigure01,raw,Major satellites TALE;Minor satellites TALE;H2B
SupplementaryFigure01,Embryo6.pattern,Mus musculus x Mus spretus,NCBITaxon,186842,Zygote,UBERON,0000106,Embryo6,Untreated,Reichman-2018/SupplementaryFigure01,raw,Major satellites TALE;Minor satellites TALE;H2B
SupplementaryFigure01,Embryo7.pattern,Mus musculus x Mus spretus,NCBITaxon,186842,Zygote,UBERON,0000106,Embryo7,Untreated,Reichman-2018/SupplementaryFigure01,raw,Major satellites TALE;Minor satellites TALE;H2B
SupplementaryFigure01,Embryo8.pattern,Mus musculus x Mus spretus,NCBITaxon,186842,Zygote,UBERON,0000106,Embryo8,Untreated,Reichman-2018/SupplementaryFigure01,raw,Major satellites TALE;Minor satellites TALE;H2B
SupplementaryFigure01,Embryo9.pattern,Mus musculus x Mus spretus,NCBITaxon,186842,Zygote,UBERON,0000106,Embryo9,Untreated,Reichman-2018/SupplementaryFigure01,raw,Major satellites TALE;Minor satellites TALE;H2B
SupplementaryFigure02,embryo1.pattern,Mus musculus,NCBITaxon,10090,Zygote,UBERON,0000106,embryo1,0min,Reichman-2018/SupplementaryFigure02,raw,Hoechst; pericentrin; alpha-tubulin; crest
SupplementaryFigure02,embryo2.pattern,Mus musculus,NCBITaxon,10090,Zygote,UBERON,0000106,embryo2,0min,Reichman-2018/SupplementaryFigure02,raw,Hoechst; pericentrin; alpha-tubulin; crest
SupplementaryFigure02,embryo3.pattern,Mus musculus,NCBITaxon,10090,Zygote,UBERON,0000106,embryo3,0min,Reichman-2018/SupplementaryFigure02,raw,Hoechst; pericentrin; alpha-tubulin; crest
SupplementaryFigure02,embryo4.pattern,Mus musculus,NCBITaxon,10090,Zygote,UBERON,0000106,embryo4,0min,Reichman-2018/SupplementaryFigure02,raw,Hoechst; pericentrin; alpha-tubulin; crest
SupplementaryFigure05,Metaphase1.pattern,Mus musculus,NCBITaxon,10090,Zygote,UBERON,0000106,Metaphase1,metaphase,Reichman-2018/SupplementaryFigure05,processed (sharpening filter),EB3
SupplementaryFigure05,Metaphase2.pattern,Mus musculus,NCBITaxon,10090,Zygote,UBERON,0000106,Metaphase2,metaphase,Reichman-2018/SupplementaryFigure05,processed (sharpening filter),EB3
SupplementaryFigure05,Metaphase3.pattern,Mus musculus,NCBITaxon,10090,Zygote,UBERON,0000106,Metaphase3,metaphase,Reichman-2018/SupplementaryFigure05,processed (sharpening filter),EB3
SupplementaryFigure05,Prometaphase1.pattern,Mus musculus,NCBITaxon,10090,Zygote,UBERON,0000106,Prometaphase1,prometaphase,Reichman-2018/SupplementaryFigure05,processed (sharpening filter),EB3
SupplementaryFigure05,Prometaphase2.pattern,Mus musculus,NCBITaxon,10090,Zygote,UBERON,0000106,Prometaphase2,prometaphase,Reichman-2018/SupplementaryFigure05,processed (sharpening filter),EB3
SupplementaryFigure05,Prometaphase3.pattern,Mus musculus,NCBITaxon,10090,Zygote,UBERON,0000106,Prometaphase3,prometaphase,Reichman-2018/SupplementaryFigure05,processed (sharpening filter),EB3
SupplementaryFigure06A,2Cell.Cell01-1.Position_0.stack_0.T000086_00.pattern,Mus musculus,NCBITaxon,10090,2cell,UBERON,0019249,Cell01-1,2cell,Reichman-2018/SupplementaryFigure06A,raw,EB3
SupplementaryFigure06A,2Cell.Cell01-2.Position_0.stack_0.T000103_00.pattern,Mus musculus,NCBITaxon,10090,2cell,UBERON,0019249,Cell01-2,2cell,Reichman-2018/SupplementaryFigure06A,raw,EB3
SupplementaryFigure06A,2Cell.Cell02-1.Position_0.stack_0.T000168_00.pattern,Mus musculus,NCBITaxon,10090,2cell,UBERON,0019249,Cell02-1,2cell,Reichman-2018/SupplementaryFigure06A,raw,EB3
SupplementaryFigure06A,2Cell.Cell02-2.Position_0.stack_0.T000177_00.pattern,Mus musculus,NCBITaxon,10090,2cell,UBERON,0019249,Cell02-2,2cell,Reichman-2018/SupplementaryFigure06A,raw,EB3
SupplementaryFigure06A,2Cell.Cell07-1.Position_0.stack_0.T000116_00.pattern,Mus musculus,NCBITaxon,10090,2cell,UBERON,0019249,Cell07-1,2cell,Reichman-2018/SupplementaryFigure06A,raw,EB3
SupplementaryFigure06A,2Cell.Cell07-2.Position_0.stack_0.T000136_00.pattern,Mus musculus,NCBITaxon,10090,2cell,UBERON,0019249,Cell07-2,2cell,Reichman-2018/SupplementaryFigure06A,raw,EB3
SupplementaryFigure06A,2Cell.Cell08-1.Position_0.stack_0.T000057_00.pattern,Mus musculus,NCBITaxon,10090,2cell,UBERON,0019249,Cell08-1,2cell,Reichman-2018/SupplementaryFigure06A,raw,EB3
SupplementaryFigure06A,2Cell.Cell08-2.Position_0.stack_0.T000066_00.pattern,Mus musculus,NCBITaxon,10090,2cell,UBERON,0019249,Cell08-2,2cell,Reichman-2018/SupplementaryFigure06A,raw,EB3
SupplementaryFigure06A,2Cell.Cell09-1.Position_0.stack_0.T000088_00.pattern,Mus musculus,NCBITaxon,10090,2cell,UBERON,0019249,Cell09-1,2cell,Reichman-2018/SupplementaryFigure06A,raw,EB3
SupplementaryFigure06A,2Cell.Cell09-2.Position_0.stack_0.T000106_00.pattern,Mus musculus,NCBITaxon,10090,2cell,UBERON,0019249,Cell09-2,2cell,Reichman-2018/SupplementaryFigure06A,raw,EB3
SupplementaryFigure06A,2Cell.Cell10-1.Position_0.stack_0.T000081_00.pattern,Mus musculus,NCBITaxon,10090,2cell,UBERON,0019249,Cell10-1,2cell,Reichman-2018/SupplementaryFigure06A,raw,EB3
SupplementaryFigure06A,2Cell.Cell10-2.Position_0.stack_0.T000106_00.pattern,Mus musculus,NCBITaxon,10090,2cell,UBERON,0019249,Cell10-2,2cell,Reichman-2018/SupplementaryFigure06A,raw,EB3
SupplementaryFigure06A,2Cell.Cell11-1.Position_0.stack_0.T000070_00.pattern,Mus musculus,NCBITaxon,10090,2cell,UBERON,0019249,Cell11-1,2cell,Reichman-2018/SupplementaryFigure06A,raw,EB3
SupplementaryFigure06A,2Cell.Cell11-2.Position_0.stack_0.T000075_00.pattern,Mus musculus,NCBITaxon,10090,2cell,UBERON,0019249,Cell11-2,2cell,Reichman-2018/SupplementaryFigure06A,raw,EB3
SupplementaryFigure06A,2Cell.Cell12-1.Position_0.stack_0.T000062_00.pattern,Mus musculus,NCBITaxon,10090,2cell,UBERON,0019249,Cell12-1,2cell,Reichman-2018/SupplementaryFigure06A,raw,EB3
SupplementaryFigure06A,2Cell.Cell12-2.Position_0.stack_0.T000064_00.pattern,Mus musculus,NCBITaxon,10090,2cell,UBERON,0019249,Cell12-2,2cell,Reichman-2018/SupplementaryFigure06A,raw,EB3
SupplementaryFigure06A,2Cell.Cell13-1.Position_0.stack_0.T000071_00.pattern,Mus musculus,NCBITaxon,10090,2cell,UBERON,0019249,Cell13-1,2cell,Reichman-2018/SupplementaryFigure06A,raw,EB3
SupplementaryFigure06A,2Cell.Cell13-2.Position_0.stack_0.T000106_00.pattern,Mus musculus,NCBITaxon,10090,2cell,UBERON,0019249,Cell13-2,2cell,Reichman-2018/SupplementaryFigure06A,raw,EB3
SupplementaryFigure06A,2Cell.Cell14-1.Position_0.stack_0.T000074_00.pattern,Mus musculus,NCBITaxon,10090,2cell,UBERON,0019249,Cell14-1,2cell,Reichman-2018/SupplementaryFigure06A,raw,EB3
SupplementaryFigure06A,2Cell.Cell14-2.Position_0.stack_0.T000087_00.pattern,Mus musculus,NCBITaxon,10090,2cell,UBERON,0019249,Cell14-2,2cell,Reichman-2018/SupplementaryFigure06A,raw,EB3
SupplementaryFigure06A,4Cell.Cell01-1.Position_0.stack_0.T000242_00.pattern,Mus musculus,NCBITaxon,10090,4cell,UBERON,0019251,Cell01-1,4cell,Reichman-2018/SupplementaryFigure06A,raw,EB3
SupplementaryFigure06A,4Cell.Cell01-2.Position_0.stack_0.T000239_00.pattern,Mus musculus,NCBITaxon,10090,4cell,UBERON,0019251,Cell01-2,4cell,Reichman-2018/SupplementaryFigure06A,raw,EB3
SupplementaryFigure06A,4Cell.Cell02-1.Position_0.stack_0.T000312_00.pattern,Mus musculus,NCBITaxon,10090,4cell,UBERON,0019251,Cell02-1,4cell,Reichman-2018/SupplementaryFigure06A,raw,EB3
SupplementaryFigure06A,4Cell.Cell02-2.Position_0.stack_0.T000333_00.pattern,Mus musculus,NCBITaxon,10090,4cell,UBERON,0019251,Cell02-2,4cell,Reichman-2018/SupplementaryFigure06A,raw,EB3
SupplementaryFigure06A,4Cell.Cell02-3.Position_0.stack_0.T000336_00.pattern,Mus musculus,NCBITaxon,10090,4cell,UBERON,0019251,Cell02-3,4cell,Reichman-2018/SupplementaryFigure06A,raw,EB3
SupplementaryFigure06A,4Cell.Cell07-1.Position_0.stack_0.T000288_00.pattern,Mus musculus,NCBITaxon,10090,4cell,UBERON,0019251,Cell07-1,4cell,Reichman-2018/SupplementaryFigure06A,raw,EB3
SupplementaryFigure06A,4Cell.Cell07-2.Position_0.stack_0.T000295_00.pattern,Mus musculus,NCBITaxon,10090,4cell,UBERON,0019251,Cell07-2,4cell,Reichman-2018/SupplementaryFigure06A,raw,EB3
SupplementaryFigure06A,4Cell.Cell07-2.Position_0.stack_0.Ext.T000293_00.pattern,Mus musculus,NCBITaxon,10090,4cell,UBERON,0019251,Cell07-2,4cell,Reichman-2018/SupplementaryFigure06A,raw,EB3
SupplementaryFigure06A,4Cell.Cell07-2.Position_0.stack_0.Ext.T000294_00.pattern,Mus musculus,NCBITaxon,10090,4cell,UBERON,0019251,Cell07-2,4cell,Reichman-2018/SupplementaryFigure06A,raw,EB3
SupplementaryFigure06A,4Cell.Cell07-2.Position_0.stack_0.Ext.T000296_00.pattern,Mus musculus,NCBITaxon,10090,4cell,UBERON,0019251,Cell07-2,4cell,Reichman-2018/SupplementaryFigure06A,raw,EB3
SupplementaryFigure06A,4Cell.Cell07-2.Position_0.stack_0.Ext.T000297_00.pattern,Mus musculus,NCBITaxon,10090,4cell,UBERON,0019251,Cell07-2,4cell,Reichman-2018/SupplementaryFigure06A,raw,EB3
SupplementaryFigure06A,4Cell.Cell08-1.Position_0.stack_0.T000224_00.pattern,Mus musculus,NCBITaxon,10090,4cell,UBERON,0019251,Cell08-1,4cell,Reichman-2018/SupplementaryFigure06A,raw,EB3
SupplementaryFigure06A,4Cell.Cell08-2.Position_0.stack_0.T000257_00.pattern,Mus musculus,NCBITaxon,10090,4cell,UBERON,0019251,Cell08-2,4cell,Reichman-2018/SupplementaryFigure06A,raw,EB3
SupplementaryFigure06A,4Cell.Cell09-1.Position_0.stack_0.T000228_00.pattern,Mus musculus,NCBITaxon,10090,4cell,UBERON,0019251,Cell09-1,4cell,Reichman-2018/SupplementaryFigure06A,raw,EB3
SupplementaryFigure06A,4Cell.Cell09-2.Position_0.stack_0.T000238_00.pattern,Mus musculus,NCBITaxon,10090,4cell,UBERON,0019251,Cell09-2,4cell,Reichman-2018/SupplementaryFigure06A,raw,EB3
SupplementaryFigure06A,4Cell.Cell10-1.Position_0.stack_0.T000239_00.pattern,Mus musculus,NCBITaxon,10090,4cell,UBERON,0019251,Cell10-1,4cell,Reichman-2018/SupplementaryFigure06A,raw,EB3
SupplementaryFigure06A,4Cell.Cell10-1.Position_0.stack_0.T000237_00.pattern,Mus musculus,NCBITaxon,10090,4cell,UBERON,0019251,Cell10-1,4cell,Reichman-2018/SupplementaryFigure06A,raw,EB3
SupplementaryFigure06A,4Cell.Cell10-1.Position_0.stack_0.Ext.T000238_00.pattern,Mus musculus,NCBITaxon,10090,4cell,UBERON,0019251,Cell10-1,4cell,Reichman-2018/SupplementaryFigure06A,raw,EB3
SupplementaryFigure06A,4Cell.Cell10-1.Position_0.stack_0.Ext.T000239_00.pattern,Mus musculus,NCBITaxon,10090,4cell,UBERON,0019251,Cell10-1,4cell,Reichman-2018/SupplementaryFigure06A,raw,EB3
SupplementaryFigure06A,4Cell.Cell10-1.Position_0.stack_0.Ext.T000240_00.pattern,Mus musculus,NCBITaxon,10090,4cell,UBERON,0019251,Cell10-1,4cell,Reichman-2018/SupplementaryFigure06A,raw,EB3
SupplementaryFigure06A,4Cell.Cell10-1.Position_0.stack_0.Ext.T000241_00.pattern,Mus musculus,NCBITaxon,10090,4cell,UBERON,0019251,Cell10-1,4cell,Reichman-2018/SupplementaryFigure06A,raw,EB3
SupplementaryFigure06A,4Cell.Cell10-2.Position_0.stack_0.T000270_00.pattern,Mus musculus,NCBITaxon,10090,4cell,UBERON,0019251,Cell10-2,4cell,Reichman-2018/SupplementaryFigure06A,raw,EB3
SupplementaryFigure06A,4Cell.Cell11-1.Position_0.stack_0.T000215_00.pattern,Mus musculus,NCBITaxon,10090,4cell,UBERON,0019251,Cell11-1,4cell,Reichman-2018/SupplementaryFigure06A,raw,EB3
SupplementaryFigure06A,4Cell.Cell11-2.Position_0.stack_0.T000219_00.pattern,Mus musculus,NCBITaxon,10090,4cell,UBERON,0019251,Cell11-2,4cell,Reichman-2018/SupplementaryFigure06A,raw,EB3
SupplementaryFigure06A,4Cell.Cell11-3.Position_0.stack_0.T000219_00.pattern,Mus musculus,NCBITaxon,10090,4cell,UBERON,0019251,Cell11-3,4cell,Reichman-2018/SupplementaryFigure06A,raw,EB3
SupplementaryFigure06A,4Cell.Cell11-4.Position_0.stack_0.T000228_00.pattern,Mus musculus,NCBITaxon,10090,4cell,UBERON,0019251,Cell11-4,4cell,Reichman-2018/SupplementaryFigure06A,raw,EB3
SupplementaryFigure06A,4Cell.Cell12-1.Position_0.stack_0.T000229_00.pattern,Mus musculus,NCBITaxon,10090,4cell,UBERON,0019251,Cell12-1,4cell,Reichman-2018/SupplementaryFigure06A,raw,EB3
SupplementaryFigure06A,4Cell.Cell13-1.Position_0.stack_0.T000227_00.pattern,Mus musculus,NCBITaxon,10090,4cell,UBERON,0019251,Cell13-1,4cell,Reichman-2018/SupplementaryFigure06A,raw,EB3
SupplementaryFigure06A,4Cell.Cell14-1.Position_0.stack_0.T000246_00.pattern,Mus musculus,NCBITaxon,10090,4cell,UBERON,0019251,Cell14-1,4cell,Reichman-2018/SupplementaryFigure06A,raw,EB3
SupplementaryFigure06A,8Cell.Cell01-1.Position_0.stack_0.T000348_00.pattern,Mus musculus,NCBITaxon,10090,8cell,UBERON,0019252,Cell01-1,8cell,Reichman-2018/SupplementaryFigure06A,raw,EB3
SupplementaryFigure06A,8Cell.Cell01-2.Position_0.stack_0.T000380_00.pattern,Mus musculus,NCBITaxon,10090,8cell,UBERON,0019252,Cell01-2,8cell,Reichman-2018/SupplementaryFigure06A,raw,EB3
SupplementaryFigure06A,8Cell.Cell07-1.Position_0.stack_0.T000426_00.pattern,Mus musculus,NCBITaxon,10090,8cell,UBERON,0019252,Cell07-1,8cell,Reichman-2018/SupplementaryFigure06A,raw,EB3
SupplementaryFigure06A,8Cell.Cell07-2.Position_0.stack_0.T000466_00.pattern,Mus musculus,NCBITaxon,10090,8cell,UBERON,0019252,Cell07-2,8cell,Reichman-2018/SupplementaryFigure06A,raw,EB3
SupplementaryFigure06A,8Cell.Cell09-1.Position_0.stack_0.T000371_00.pattern,Mus musculus,NCBITaxon,10090,8cell,UBERON,0019252,Cell09-1,8cell,Reichman-2018/SupplementaryFigure06A,raw,EB3
SupplementaryFigure06A,8Cell.Cell10-1.Position_0.stack_0.T000362_00.pattern,Mus musculus,NCBITaxon,10090,8cell,UBERON,0019252,Cell10-1,8cell,Reichman-2018/SupplementaryFigure06A,raw,EB3
SupplementaryFigure06A,8Cell.Cell10-2.Position_0.stack_0.T000363_00.pattern,Mus musculus,NCBITaxon,10090,8cell,UBERON,0019252,Cell10-2,8cell,Reichman-2018/SupplementaryFigure06A,raw,EB3
SupplementaryFigure06A,8Cell.Cell11-1.Position_0.stack_0.T000339_00.pattern,Mus musculus,NCBITaxon,10090,8cell,UBERON,0019252,Cell11-1,8cell,Reichman-2018/SupplementaryFigure06A,raw,EB3
SupplementaryFigure06A,8Cell.Cell11-2.Position_0.stack_0.T000342_00.pattern,Mus musculus,NCBITaxon,10090,8cell,UBERON,0019252,Cell11-2,8cell,Reichman-2018/SupplementaryFigure06A,raw,EB3
SupplementaryFigure06A,8Cell.Cell11-3.Position_0.stack_0.T000347_00.pattern,Mus musculus,NCBITaxon,10090,8cell,UBERON,0019252,Cell11-3,8cell,Reichman-2018/SupplementaryFigure06A,raw,EB3
SupplementaryFigure06A,8Cell.Cell11-4.Position_0.stack_0.T000349_00.pattern,Mus musculus,NCBITaxon,10090,8cell,UBERON,0019252,Cell11-4,8cell,Reichman-2018/SupplementaryFigure06A,raw,EB3
SupplementaryFigure06A,8Cell.Cell14-1.Position_0.stack_0.T000349_00.pattern,Mus musculus,NCBITaxon,10090,8cell,UBERON,0019252,Cell14-1,8cell,Reichman-2018/SupplementaryFigure06A,raw,EB3
SupplementaryFigure06A,Zygotes.Cell01.Position_0.stack_0.T000049_00.pattern,Mus musculus,NCBITaxon,10090,Zygote,UBERON,0000106,Cell01,zygote,Reichman-2018/SupplementaryFigure06A,raw,EB3
SupplementaryFigure06A,Zygotes.Cell02.Position_0.stack_0.T000046_00.pattern,Mus musculus,NCBITaxon,10090,Zygote,UBERON,0000106,Cell02,zygote,Reichman-2018/SupplementaryFigure06A,raw,EB3
SupplementaryFigure06A,Zygotes.Cell03.Position_0.stack_0.T000034_00.pattern,Mus musculus,NCBITaxon,10090,Zygote,UBERON,0000106,Cell03,zygote,Reichman-2018/SupplementaryFigure06A,raw,EB3
SupplementaryFigure06A,Zygotes.Cell04.Position_0.stack_0.T000045_00.pattern,Mus musculus,NCBITaxon,10090,Zygote,UBERON,0000106,Cell04,zygote,Reichman-2018/SupplementaryFigure06A,raw,EB3
SupplementaryFigure06A,Zygotes.Cell05.Position_0.stack_0.T000027_00.pattern,Mus musculus,NCBITaxon,10090,Zygote,UBERON,0000106,Cell05,zygote,Reichman-2018/SupplementaryFigure06A,raw,EB3
SupplementaryFigure06A,Zygotes.Cell06.Position_0.stack_0.T000037_00.pattern,Mus musculus,NCBITaxon,10090,Zygote,UBERON,0000106,Cell06,zygote,Reichman-2018/SupplementaryFigure06A,raw,EB3
SupplementaryFigure06A,Zygotes.Cell07.Position_0.stack_0.T000019_00.pattern,Mus musculus,NCBITaxon,10090,Zygote,UBERON,0000106,Cell07,zygote,Reichman-2018/SupplementaryFigure06A,raw,EB3
SupplementaryFigure06A,Zygotes.Cell08.Position_0.stack_0.T000011_00.pattern,Mus musculus,NCBITaxon,10090,Zygote,UBERON,0000106,Cell08,zygote,Reichman-2018/SupplementaryFigure06A,raw,EB3
SupplementaryFigure06A,Zygotes.Cell09.Position_0.stack_0.T000018_00.pattern,Mus musculus,NCBITaxon,10090,Zygote,UBERON,0000106,Cell09,zygote,Reichman-2018/SupplementaryFigure06A,raw,EB3
SupplementaryFigure06A,Zygotes.Cell10.Position_0.stack_0.T000029_00.pattern,Mus musculus,NCBITaxon,10090,Zygote,UBERON,0000106,Cell10,zygote,Reichman-2018/SupplementaryFigure06A,raw,EB3
SupplementaryFigure06A,Zygotes.Cell11.Position_0.stack_0.T000037_00.pattern,Mus musculus,NCBITaxon,10090,Zygote,UBERON,0000106,Cell11,zygote,Reichman-2018/SupplementaryFigure06A,raw,EB3
SupplementaryFigure06A,Zygotes.Cell11.Position_0.stack_0.Ext.T000041_00.pattern,Mus musculus,NCBITaxon,10090,Zygote,UBERON,0000106,Cell11,zygote,Reichman-2018/SupplementaryFigure06A,raw,EB3
SupplementaryFigure06A,Zygotes.Cell12.Position_0.stack_0.T000025_00.pattern,Mus musculus,NCBITaxon,10090,Zygote,UBERON,0000106,Cell12,zygote,Reichman-2018/SupplementaryFigure06A,raw,EB3
SupplementaryFigure06A,Zygotes.Cell13.Position_0.stack_0.T000047_00.pattern,Mus musculus,NCBITaxon,10090,Zygote,UBERON,0000106,Cell13,zygote,Reichman-2018/SupplementaryFigure06A,raw,EB3
SupplementaryFigure06A,Zygotes.Cell14.Position_0.stack_0.T000019_00.pattern,Mus musculus,NCBITaxon,10090,Zygote,UBERON,0000106,Cell14,zygote,Reichman-2018/SupplementaryFigure06A,raw,EB3
SupplementaryFigure06A,Zygotes.Cell15.Position_0.stack_0.T000011_00.pattern,Mus musculus,NCBITaxon,10090,Zygote,UBERON,0000106,Cell15,zygote,Reichman-2018/SupplementaryFigure06A,raw,EB3
SupplementaryFigure06A,Zygotes.Cell16.Position_0.stack_0.T000035_00.pattern,Mus musculus,NCBITaxon,10090,Zygote,UBERON,0000106,Cell16,zygote,Reichman-2018/SupplementaryFigure06A,raw,EB3
SupplementaryFigure06A,Zygotes.Cell17.Position_0.stack_0.T000047_00.pattern,Mus musculus,NCBITaxon,10090,Zygote,UBERON,0000106,Cell17,zygote,Reichman-2018/SupplementaryFigure06A,raw,EB3
SupplementaryFigure06A,Zygotes.Cell18.Position_0.stack_0.T000030_00.pattern,Mus musculus,NCBITaxon,10090,Zygote,UBERON,0000106,Cell18,zygote,Reichman-2018/SupplementaryFigure06A,raw,EB3
SupplementaryFigure06A,Zygotes.Cell19.Position_0.stack_0.T000006_00.pattern,Mus musculus,NCBITaxon,10090,Zygote,UBERON,0000106,Cell19,zygote,Reichman-2018/SupplementaryFigure06A,raw,EB3
SupplementaryFigure06A,Zygotes.Cell19.Position_0.stack_0.T000005_00.pattern,Mus musculus,NCBITaxon,10090,Zygote,UBERON,0000106,Cell19,zygote,Reichman-2018/SupplementaryFigure06A,raw,EB3
SupplementaryFigure06A,Zygotes.Cell20.Position_0.stack_0.TCam_Right_00340.pattern,Mus musculus,NCBITaxon,10090,Zygote,UBERON,0000106,Cell20,zygote,Reichman-2018/SupplementaryFigure06A,raw,EB3
SupplementaryFigure06A,Zygotes.Cell21.Position_0.stack_0.TCam_Right_00227.pattern,Mus musculus,NCBITaxon,10090,Zygote,UBERON,0000106,Cell21,zygote,Reichman-2018/SupplementaryFigure06A,raw,EB3
SupplementaryFigure06A,Zygotes.Cell21.Position_0.stack_0.TCam_Right_00227-1.pattern,Mus musculus,NCBITaxon,10090,Zygote,UBERON,0000106,Cell21,zygote,Reichman-2018/SupplementaryFigure06A,raw,EB3
SupplementaryFigure06A,Zygotes.Cell22.Position_0.stack_0.TCam_Right_00206.pattern,Mus musculus,NCBITaxon,10090,Zygote,UBERON,0000106,Cell22,zygote,Reichman-2018/SupplementaryFigure06A,raw,EB3
SupplementaryFigure06A,Zygotes.Cell23.Position_0.stack_0.TCam_Right_00328.pattern,Mus musculus,NCBITaxon,10090,Zygote,UBERON,0000106,Cell23,zygote,Reichman-2018/SupplementaryFigure06A,raw,EB3
SupplementaryFigure06A,Zygotes.Cell24.Position_0.stack_0.TCam_Right_00310.pattern,Mus musculus,NCBITaxon,10090,Zygote,UBERON,0000106,Cell24,zygote,Reichman-2018/SupplementaryFigure06A,raw,EB3
SupplementaryFigure06A,Zygotes.Cell25.Position_0.stack_0.TCam_Right_00283.pattern,Mus musculus,NCBITaxon,10090,Zygote,UBERON,0000106,Cell25,zygote,Reichman-2018/SupplementaryFigure06A,raw,EB3
SupplementaryFigure06A,Zygotes.Cell26.Position_0.stack_0.TCam_Right_00115.pattern,Mus musculus,NCBITaxon,10090,Zygote,UBERON,0000106,Cell26,zygote,Reichman-2018/SupplementaryFigure06A,raw,EB3
SupplementaryFigure06A,Zygotes.Cell27.Position_0.stack_0.TCam_Right_00358.pattern,Mus musculus,NCBITaxon,10090,Zygote,UBERON,0000106,Cell27,zygote,Reichman-2018/SupplementaryFigure06A,raw,EB3
SupplementaryFigure06A,Zygotes.Cell28.Position_0.stack_0.TCam_Right_00158.pattern,Mus musculus,NCBITaxon,10090,Zygote,UBERON,0000106,Cell28,zygote,Reichman-2018/SupplementaryFigure06A,raw,EB3
SupplementaryFigure06A,Zygotes.Cell28.Position_0.stack_0.TCam_Right_00158-1.pattern,Mus musculus,NCBITaxon,10090,Zygote,UBERON,0000106,Cell28,zygote,Reichman-2018/SupplementaryFigure06A,raw,EB3
SupplementaryFigure06A,Zygotes.Cell29.Position_0.stack_0.TCam_Right_00207.pattern,Mus musculus,NCBITaxon,10090,Zygote,UBERON,0000106,Cell29,zygote,Reichman-2018/SupplementaryFigure06A,raw,EB3
SupplementaryFigure06A,Zygotes.Cell30.Position_0.stack_0.TCam_Right_00175.pattern,Mus musculus,NCBITaxon,10090,Zygote,UBERON,0000106,Cell30,zygote,Reichman-2018/SupplementaryFigure06A,raw,EB3
SupplementaryFigure06A,Zygotes.Cell31.Position_0.stack_0.TCam_Right_00115.pattern,Mus musculus,NCBITaxon,10090,Zygote,UBERON,0000106,Cell31,zygote,Reichman-2018/SupplementaryFigure06A,raw,EB3
SupplementaryFigure06H,02_Cell_Stage.Embryo01.pattern,Mus musculus,NCBITaxon,10090,2cell,UBERON,0019249,02_Cell_Stage.Embryo01.Alexa_647,02_cell_stage,Reichman-2018/SupplementaryFigure06H,raw,EdU;DNA
SupplementaryFigure06H,02_Cell_Stage.Embryo02.pattern,Mus musculus,NCBITaxon,10090,2cell,UBERON,0019249,02_Cell_Stage.Embryo02,02_cell_stage,Reichman-2018/SupplementaryFigure06H,raw,EdU;DNA
SupplementaryFigure06H,02_Cell_Stage.Embryo03.pattern,Mus musculus,NCBITaxon,10090,2cell,UBERON,0019249,02_Cell_Stage.Embryo03,02_cell_stage,Reichman-2018/SupplementaryFigure06H,raw,EdU;DNA
SupplementaryFigure06H,02_Cell_Stage.Embryo04.pattern,Mus musculus,NCBITaxon,10090,2cell,UBERON,0019249,02_Cell_Stage.Embryo04,02_cell_stage,Reichman-2018/SupplementaryFigure06H,raw,DNA
SupplementaryFigure06H,02_Cell_Stage.Embryo05.pattern,Mus musculus,NCBITaxon,10090,2cell,UBERON,0019249,02_Cell_Stage.Embryo05,02_cell_stage,Reichman-2018/SupplementaryFigure06H,raw,EdU;DNA
SupplementaryFigure06H,02_Cell_Stage.Embryo06.pattern,Mus musculus,NCBITaxon,10090,2cell,UBERON,0019249,02_Cell_Stage.Embryo06,02_cell_stage,Reichman-2018/SupplementaryFigure06H,raw,EdU;DNA
SupplementaryFigure06H,02_Cell_Stage.Embryo07.pattern,Mus musculus,NCBITaxon,10090,2cell,UBERON,0019249,02_Cell_Stage.Embryo07,02_cell_stage,Reichman-2018/SupplementaryFigure06H,raw,EdU;DNA
SupplementaryFigure06H,02_Cell_Stage.Embryo08.pattern,Mus musculus,NCBITaxon,10090,2cell,UBERON,0019249,02_Cell_Stage.Embryo08,02_cell_stage,Reichman-2018/SupplementaryFigure06H,raw,EdU;DNA
SupplementaryFigure06H,02_Cell_Stage.Embryo09.pattern,Mus musculus,NCBITaxon,10090,2cell,UBERON,0019249,02_Cell_Stage.Embryo09,02_cell_stage,Reichman-2018/SupplementaryFigure06H,raw,EdU;DNA
SupplementaryFigure06H,02_Cell_Stage.Embryo10.pattern,Mus musculus,NCBITaxon,10090,2cell,UBERON,0019249,02_Cell_Stage.Embryo10,02_cell_stage,Reichman-2018/SupplementaryFigure06H,raw,EdU;DNA
SupplementaryFigure06H,02_Cell_Stage.Embryo11.pattern,Mus musculus,NCBITaxon,10090,2cell,UBERON,0019249,02_Cell_Stage.Embryo11,02_cell_stage,Reichman-2018/SupplementaryFigure06H,raw,EdU;DNA
SupplementaryFigure06H,02_Cell_Stage.Embryo12.pattern,Mus musculus,NCBITaxon,10090,2cell,UBERON,0019249,02_Cell_Stage.Embryo12,02_cell_stage,Reichman-2018/SupplementaryFigure06H,raw,EdU;DNA
SupplementaryFigure06H,02_Cell_Stage.Embryo13.pattern,Mus musculus,NCBITaxon,10090,2cell,UBERON,0019249,02_Cell_Stage.Embryo13,02_cell_stage,Reichman-2018/SupplementaryFigure06H,raw,EdU;DNA
SupplementaryFigure06H,02_Cell_Stage.Embryo14.pattern,Mus musculus,NCBITaxon,10090,2cell,UBERON,0019249,02_Cell_Stage.Embryo14,02_cell_stage,Reichman-2018/SupplementaryFigure06H,raw,EdU;DNA
SupplementaryFigure06H,02_Cell_Stage.Embryo15.pattern,Mus musculus,NCBITaxon,10090,2cell,UBERON,0019249,02_Cell_Stage.Embryo15,02_cell_stage,Reichman-2018/SupplementaryFigure06H,raw,EdU;DNA
SupplementaryFigure06H,02_Cell_Stage.Embryo16.pattern,Mus musculus,NCBITaxon,10090,2cell,UBERON,0019249,02_Cell_Stage.Embryo16,02_cell_stage,Reichman-2018/SupplementaryFigure06H,raw,EdU;DNA
SupplementaryFigure06H,02_Cell_Stage.Embryo17.pattern,Mus musculus,NCBITaxon,10090,2cell,UBERON,0019249,02_Cell_Stage.Embryo17,02_cell_stage,Reichman-2018/SupplementaryFigure06H,raw,EdU;DNA
SupplementaryFigure06H,02_Cell_Stage.Embryo18.pattern,Mus musculus,NCBITaxon,10090,2cell,UBERON,0019249,02_Cell_Stage.Embryo18,02_cell_stage,Reichman-2018/SupplementaryFigure06H,raw,EdU;DNA
SupplementaryFigure06H,02_Cell_Stage.Embryo19.pattern,Mus musculus,NCBITaxon,10090,2cell,UBERON,0019249,02_Cell_Stage.Embryo19,02_cell_stage,Reichman-2018/SupplementaryFigure06H,raw,EdU;DNA
SupplementaryFigure06H,02_Cell_Stage.Embryo20.pattern,Mus musculus,NCBITaxon,10090,2cell,UBERON,0019249,02_Cell_Stage.Embryo20,02_cell_stage,Reichman-2018/SupplementaryFigure06H,raw,EdU;DNA
SupplementaryFigure06H,02_Cell_Stage.Embryo21.pattern,Mus musculus,NCBITaxon,10090,2cell,UBERON,0019249,02_Cell_Stage.Embryo21,02_cell_stage,Reichman-2018/SupplementaryFigure06H,raw,EdU;DNA
SupplementaryFigure06H,02_Cell_Stage.Embryo22.pattern,Mus musculus,NCBITaxon,10090,2cell,UBERON,0019249,02_Cell_Stage.Embryo22,02_cell_stage,Reichman-2018/SupplementaryFigure06H,raw,EdU;DNA
SupplementaryFigure06H,02_Cell_Stage.Embryo23.pattern,Mus musculus,NCBITaxon,10090,2cell,UBERON,0019249,02_Cell_Stage.Embryo23,02_cell_stage,Reichman-2018/SupplementaryFigure06H,raw,EdU;DNA
SupplementaryFigure06H,02_Cell_Stage.Embryo24.pattern,Mus musculus,NCBITaxon,10090,2cell,UBERON,0019249,02_Cell_Stage.Embryo24,02_cell_stage,Reichman-2018/SupplementaryFigure06H,raw,EdU;DNA
SupplementaryFigure06H,02_Cell_Stage.Embryo25.pattern,Mus musculus,NCBITaxon,10090,2cell,UBERON,0019249,02_Cell_Stage.Embryo25,02_cell_stage,Reichman-2018/SupplementaryFigure06H,raw,EdU;DNA
SupplementaryFigure06H,02_Cell_Stage.Embryo26.pattern,Mus musculus,NCBITaxon,10090,2cell,UBERON,0019249,02_Cell_Stage.Embryo26,02_cell_stage,Reichman-2018/SupplementaryFigure06H,raw,EdU;DNA
SupplementaryFigure06H,02_Cell_Stage.Embryo27.pattern,Mus musculus,NCBITaxon,10090,2cell,UBERON,0019249,02_Cell_Stage.Embryo27,02_cell_stage,Reichman-2018/SupplementaryFigure06H,raw,EdU;DNA
SupplementaryFigure06H,02_Cell_Stage.Embryo28.pattern,Mus musculus,NCBITaxon,10090,2cell,UBERON,0019249,02_Cell_Stage.Embryo28,02_cell_stage,Reichman-2018/SupplementaryFigure06H,raw,EdU;DNA
SupplementaryFigure06H,02_Cell_Stage.Embryo29.pattern,Mus musculus,NCBITaxon,10090,2cell,UBERON,0019249,02_Cell_Stage.Embryo29,02_cell_stage,Reichman-2018/SupplementaryFigure06H,raw,EdU;DNA
SupplementaryFigure06H,02_Cell_Stage.Embryo30.pattern,Mus musculus,NCBITaxon,10090,2cell,UBERON,0019249,02_Cell_Stage.Embryo30,02_cell_stage,Reichman-2018/SupplementaryFigure06H,raw,EdU;DNA
SupplementaryFigure06H,02_Cell_Stage.Embryo31.pattern,Mus musculus,NCBITaxon,10090,2cell,UBERON,0019249,02_Cell_Stage.Embryo31,02_cell_stage,Reichman-2018/SupplementaryFigure06H,raw,EdU;DNA
SupplementaryFigure06H,02_Cell_Stage.Embryo32.pattern,Mus musculus,NCBITaxon,10090,2cell,UBERON,0019249,02_Cell_Stage.Embryo32,02_cell_stage,Reichman-2018/SupplementaryFigure06H,raw,EdU;DNA
SupplementaryFigure06H,02_Cell_Stage.Embryo33.pattern,Mus musculus,NCBITaxon,10090,2cell,UBERON,0019249,02_Cell_Stage.Embryo33,02_cell_stage,Reichman-2018/SupplementaryFigure06H,raw,EdU;DNA
SupplementaryFigure06H,02_Cell_Stage.Embryo34.pattern,Mus musculus,NCBITaxon,10090,2cell,UBERON,0019249,02_Cell_Stage.Embryo34,02_cell_stage,Reichman-2018/SupplementaryFigure06H,raw,EdU;DNA
SupplementaryFigure06H,02_Cell_Stage.Embryo35.pattern,Mus musculus,NCBITaxon,10090,2cell,UBERON,0019249,02_Cell_Stage.Embryo35,02_cell_stage,Reichman-2018/SupplementaryFigure06H,raw,EdU;DNA
SupplementaryFigure06H,02_Cell_Stage.Embryo36.pattern,Mus musculus,NCBITaxon,10090,2cell,UBERON,0019249,02_Cell_Stage.Embryo36,02_cell_stage,Reichman-2018/SupplementaryFigure06H,raw,EdU;DNA
SupplementaryFigure06H,04_Cell_Stage.Embryo01.pattern,Mus musculus,NCBITaxon,10090,4cell,UBERON,0019251,04_Cell_Stage.Embryo01,04_cell_stage,Reichman-2018/SupplementaryFigure06H,raw,EdU;DNA
SupplementaryFigure06H,04_Cell_Stage.Embryo02.pattern,Mus musculus,NCBITaxon,10090,4cell,UBERON,0019251,04_Cell_Stage.Embryo02,04_cell_stage,Reichman-2018/SupplementaryFigure06H,raw,EdU;DNA
SupplementaryFigure06H,04_Cell_Stage.Embryo03.pattern,Mus musculus,NCBITaxon,10090,4cell,UBERON,0019251,04_Cell_Stage.Embryo03,04_cell_stage,Reichman-2018/SupplementaryFigure06H,raw,EdU;DNA
SupplementaryFigure06H,04_Cell_Stage.Embryo04.pattern,Mus musculus,NCBITaxon,10090,4cell,UBERON,0019251,04_Cell_Stage.Embryo04,04_cell_stage,Reichman-2018/SupplementaryFigure06H,raw,EdU;DNA
SupplementaryFigure06H,04_Cell_Stage.Embryo05.pattern,Mus musculus,NCBITaxon,10090,4cell,UBERON,0019251,04_Cell_Stage.Embryo05,04_cell_stage,Reichman-2018/SupplementaryFigure06H,raw,EdU;DNA
SupplementaryFigure06H,04_Cell_Stage.Embryo06.pattern,Mus musculus,NCBITaxon,10090,4cell,UBERON,0019251,04_Cell_Stage.Embryo06,04_cell_stage,Reichman-2018/SupplementaryFigure06H,raw,EdU;DNA
SupplementaryFigure06H,04_Cell_Stage.Embryo07.pattern,Mus musculus,NCBITaxon,10090,4cell,UBERON,0019251,04_Cell_Stage.Embryo07,04_cell_stage,Reichman-2018/SupplementaryFigure06H,raw,EdU;DNA
SupplementaryFigure06H,04_Cell_Stage.Embryo08.pattern,Mus musculus,NCBITaxon,10090,4cell,UBERON,0019251,04_Cell_Stage.Embryo08,04_cell_stage,Reichman-2018/SupplementaryFigure06H,raw,EdU;DNA
SupplementaryFigure06H,04_Cell_Stage.Embryo09.pattern,Mus musculus,NCBITaxon,10090,4cell,UBERON,0019251,04_Cell_Stage.Embryo09,04_cell_stage,Reichman-2018/SupplementaryFigure06H,raw,EdU;DNA
SupplementaryFigure06H,04_Cell_Stage.Embryo10.pattern,Mus musculus,NCBITaxon,10090,4cell,UBERON,0019251,04_Cell_Stage.Embryo10,04_cell_stage,Reichman-2018/SupplementaryFigure06H,raw,EdU;DNA
SupplementaryFigure06H,04_Cell_Stage.Embryo11.pattern,Mus musculus,NCBITaxon,10090,4cell,UBERON,0019251,04_Cell_Stage.Embryo11,04_cell_stage,Reichman-2018/SupplementaryFigure06H,raw,EdU;DNA
SupplementaryFigure06H,04_Cell_Stage.Embryo12.pattern,Mus musculus,NCBITaxon,10090,4cell,UBERON,0019251,04_Cell_Stage.Embryo12,04_cell_stage,Reichman-2018/SupplementaryFigure06H,raw,EdU;DNA
SupplementaryFigure06H,04_Cell_Stage.Embryo13.pattern,Mus musculus,NCBITaxon,10090,4cell,UBERON,0019251,04_Cell_Stage.Embryo13,04_cell_stage,Reichman-2018/SupplementaryFigure06H,raw,EdU;DNA
SupplementaryFigure06H,04_Cell_Stage.Embryo14.pattern,Mus musculus,NCBITaxon,10090,4cell,UBERON,0019251,04_Cell_Stage.Embryo14,04_cell_stage,Reichman-2018/SupplementaryFigure06H,raw,EdU;DNA
SupplementaryFigure06H,04_Cell_Stage.Embryo15.pattern,Mus musculus,NCBITaxon,10090,4cell,UBERON,0019251,04_Cell_Stage.Embryo15,04_cell_stage,Reichman-2018/SupplementaryFigure06H,raw,EdU;DNA
SupplementaryFigure06H,04_Cell_Stage.Embryo16.pattern,Mus musculus,NCBITaxon,10090,4cell,UBERON,0019251,04_Cell_Stage.Embryo16,04_cell_stage,Reichman-2018/SupplementaryFigure06H,raw,EdU;DNA
SupplementaryFigure06H,04_Cell_Stage.Embryo17.pattern,Mus musculus,NCBITaxon,10090,4cell,UBERON,0019251,04_Cell_Stage.Embryo17,04_cell_stage,Reichman-2018/SupplementaryFigure06H,raw,EdU;DNA
SupplementaryFigure06H,04_Cell_Stage.Embryo18.pattern,Mus musculus,NCBITaxon,10090,4cell,UBERON,0019251,04_Cell_Stage.Embryo18,04_cell_stage,Reichman-2018/SupplementaryFigure06H,raw,EdU;DNA
SupplementaryFigure06H,04_Cell_Stage.Embryo19.pattern,Mus musculus,NCBITaxon,10090,4cell,UBERON,0019251,04_Cell_Stage.Embryo19,04_cell_stage,Reichman-2018/SupplementaryFigure06H,raw,EdU;DNA
SupplementaryFigure06H,04_Cell_Stage.Embryo20.pattern,Mus musculus,NCBITaxon,10090,4cell,UBERON,0019251,04_Cell_Stage.Embryo20,04_cell_stage,Reichman-2018/SupplementaryFigure06H,raw,EdU;DNA
SupplementaryFigure06H,04_Cell_Stage.Embryo21.pattern,Mus musculus,NCBITaxon,10090,4cell,UBERON,0019251,04_Cell_Stage.Embryo21,04_cell_stage,Reichman-2018/SupplementaryFigure06H,raw,EdU;DNA
SupplementaryFigure06H,04_Cell_Stage.Embryo22.pattern,Mus musculus,NCBITaxon,10090,4cell,UBERON,0019251,04_Cell_Stage.Embryo22,04_cell_stage,Reichman-2018/SupplementaryFigure06H,raw,EdU;DNA
SupplementaryFigure06H,04_Cell_Stage.Embryo23.pattern,Mus musculus,NCBITaxon,10090,4cell,UBERON,0019251,04_Cell_Stage.Embryo23,04_cell_stage,Reichman-2018/SupplementaryFigure06H,raw,EdU;DNA
SupplementaryFigure06H,04_Cell_Stage.Embryo24.pattern,Mus musculus,NCBITaxon,10090,4cell,UBERON,0019251,04_Cell_Stage.Embryo24,04_cell_stage,Reichman-2018/SupplementaryFigure06H,raw,EdU;DNA
SupplementaryFigure06H,04_Cell_Stage.Embryo25.pattern,Mus musculus,NCBITaxon,10090,4cell,UBERON,0019251,04_Cell_Stage.Embryo25,04_cell_stage,Reichman-2018/SupplementaryFigure06H,raw,EdU;DNA
SupplementaryFigure06H,04_Cell_Stage.Embryo26.pattern,Mus musculus,NCBITaxon,10090,4cell,UBERON,0019251,04_Cell_Stage.Embryo26,04_cell_stage,Reichman-2018/SupplementaryFigure06H,raw,EdU;DNA
SupplementaryFigure06H,08_Cell_Stage.Embryo01.pattern,Mus musculus,NCBITaxon,10090,8cell,UBERON,0019252,08_Cell_Stage.Embryo01,08_cell_stage,Reichman-2018/SupplementaryFigure06H,raw,EdU;DNA
SupplementaryFigure06H,08_Cell_Stage.Embryo02.pattern,Mus musculus,NCBITaxon,10090,8cell,UBERON,0019252,08_Cell_Stage.Embryo02,08_cell_stage,Reichman-2018/SupplementaryFigure06H,raw,EdU;DNA
SupplementaryFigure06H,08_Cell_Stage.Embryo03.pattern,Mus musculus,NCBITaxon,10090,8cell,UBERON,0019252,08_Cell_Stage.Embryo03,08_cell_stage,Reichman-2018/SupplementaryFigure06H,raw,EdU;DNA
SupplementaryFigure06H,08_Cell_Stage.Embryo04.pattern,Mus musculus,NCBITaxon,10090,8cell,UBERON,0019252,08_Cell_Stage.Embryo04,08_cell_stage,Reichman-2018/SupplementaryFigure06H,raw,EdU;DNA
SupplementaryFigure06H,08_Cell_Stage.Embryo05.pattern,Mus musculus,NCBITaxon,10090,8cell,UBERON,0019252,08_Cell_Stage.Embryo05,08_cell_stage,Reichman-2018/SupplementaryFigure06H,raw,EdU;DNA
SupplementaryFigure06H,08_Cell_Stage.Embryo06.pattern,Mus musculus,NCBITaxon,10090,8cell,UBERON,0019252,08_Cell_Stage.Embryo06,08_cell_stage,Reichman-2018/SupplementaryFigure06H,raw,EdU;DNA
SupplementaryFigure06H,08_Cell_Stage.Embryo07.pattern,Mus musculus,NCBITaxon,10090,8cell,UBERON,0019252,08_Cell_Stage.Embryo07,08_cell_stage,Reichman-2018/SupplementaryFigure06H,raw,EdU;DNA
SupplementaryFigure08,MoNoc.Monastrol.Embryo1.pattern,Mus musculus x Mus spretus,NCBITaxon,186842,Zygote,UBERON,0000106,MoNoc_Embryo1,Monastrol treatment,Reichman-2018/SupplementaryFigure08,raw,Major satellites TALE;Minor satellites TALE;EB3
SupplementaryFigure08,MoNoc.Monastrol.Embryo2.pattern,Mus musculus x Mus spretus,NCBITaxon,186842,Zygote,UBERON,0000106,MoNoc_Embryo2,Monastrol treatment,Reichman-2018/SupplementaryFigure08,raw,Major satellites TALE;Minor satellites TALE;EB3
SupplementaryFigure08,MoNoc.Monastrol.Embryo3.pattern,Mus musculus x Mus spretus,NCBITaxon,186842,Zygote,UBERON,0000106,MoNoc_Embryo3,Monastrol treatment,Reichman-2018/SupplementaryFigure08,raw,Major satellites TALE;Minor satellites TALE;EB3
SupplementaryFigure08,MoNoc.Nocodazole.Embryo1.pattern,Mus musculus x Mus spretus,NCBITaxon,186842,Zygote,UBERON,0000106,MoNoc_Embryo1,Nocodazole after monastrol treatment,Reichman-2018/SupplementaryFigure08,raw,Major satellites TALE;Minor satellites TALE;EB3
SupplementaryFigure08,MoNoc.Nocodazole.Embryo2.pattern,Mus musculus x Mus spretus,NCBITaxon,186842,Zygote,UBERON,0000106,MoNoc_Embryo2,Nocodazole after monastrol treatment,Reichman-2018/SupplementaryFigure08,raw,Major satellites TALE;Minor satellites TALE;EB3
SupplementaryFigure08,MoNoc.Nocodazole.Embryo3.pattern,Mus musculus x Mus spretus,NCBITaxon,186842,Zygote,UBERON,0000106,MoNoc_Embryo3,Nocodazole after monastrol treatment,Reichman-2018/SupplementaryFigure08,raw,Major satellites TALE;Minor satellites TALE;EB3
SupplementaryFigure08,MoNoc.Washout.Embryo1.pattern,Mus musculus x Mus spretus,NCBITaxon,186842,Zygote,UBERON,0000106,MoNoc_Embryo1,Washout after treatment by both drugs,Reichman-2018/SupplementaryFigure08,raw,Major satellites TALE;Minor satellites TALE;EB3
SupplementaryFigure08,MoNoc.Washout.Embryo2.pattern,Mus musculus x Mus spretus,NCBITaxon,186842,Zygote,UBERON,0000106,MoNoc_Embryo2,Washout after treatment by both drugs,Reichman-2018/SupplementaryFigure08,raw,Major satellites TALE;Minor satellites TALE;EB3
SupplementaryFigure08,MoNoc.Washout.Embryo3.pattern,Mus musculus x Mus spretus,NCBITaxon,186842,Zygote,UBERON,0000106,MoNoc_Embryo3,Washout after treatment by both drugs,Reichman-2018/SupplementaryFigure08,raw,Major satellites TALE;Minor satellites TALE;EB3
SupplementaryFigure08,NocMo.Monastrol.Embryo1.pattern,Mus musculus x Mus spretus,NCBITaxon,186842,Zygote,UBERON,0000106,NocMo_Embryo1,Monastrol after nocodazole treatment,Reichman-2018/SupplementaryFigure08,raw,Major satellites TALE;Minor satellites TALE;EB3
SupplementaryFigure08,NocMo.Monastrol.Embryo2.pattern,Mus musculus x Mus spretus,NCBITaxon,186842,Zygote,UBERON,0000106,NocMo_Embryo2,Monastrol after nocodazole treatment,Reichman-2018/SupplementaryFigure08,raw,Major satellites TALE;Minor satellites TALE;EB3
SupplementaryFigure08,NocMo.Monastrol.Embryo3.pattern,Mus musculus x Mus spretus,NCBITaxon,186842,Zygote,UBERON,0000106,NocMo_Embryo3,Monastrol after nocodazole treatment,Reichman-2018/SupplementaryFigure08,raw,Major satellites TALE;Minor satellites TALE;EB3
SupplementaryFigure08,NocMo.Nocodazole.Embryo1.pattern,Mus musculus x Mus spretus,NCBITaxon,186842,Zygote,UBERON,0000106,NocMo_Embryo1,Nocodazole treatment,Reichman-2018/SupplementaryFigure08,raw,Major satellites TALE;Minor satellites TALE;EB3
SupplementaryFigure08,NocMo.Nocodazole.Embryo1.mCherry.~$m_Right_00062.tif,Mus musculus x Mus spretus,NCBITaxon,186842,Zygote,UBERON,0000106,NocMo_Embryo1,Nocodazole treatment,Reichman-2018/SupplementaryFigure08,raw,EB3
SupplementaryFigure08,NocMo.Nocodazole.Embryo2.pattern,Mus musculus x Mus spretus,NCBITaxon,186842,Zygote,UBERON,0000106,NocMo_Embryo2,Nocodazole treatment,Reichman-2018/SupplementaryFigure08,raw,Major satellites TALE;Minor satellites TALE;EB3
SupplementaryFigure08,NocMo.Nocodazole.Embryo3.pattern,Mus musculus x Mus spretus,NCBITaxon,186842,Zygote,UBERON,0000106,NocMo_Embryo3,Nocodazole treatment,Reichman-2018/SupplementaryFigure08,raw,Major satellites TALE;Minor satellites TALE;EB3
SupplementaryFigure08,NocMo.Washout.Embryo1.pattern,Mus musculus x Mus spretus,NCBITaxon,186842,Zygote,UBERON,0000106,NocMo_Embryo1,Washout after treatment by both drugs,Reichman-2018/SupplementaryFigure08,raw,Major satellites TALE;Minor satellites TALE;EB3
SupplementaryFigure08,NocMo.Washout.Embryo2.pattern,Mus musculus x Mus spretus,NCBITaxon,186842,Zygote,UBERON,0000106,NocMo_Embryo2,Washout after treatment by both drugs,Reichman-2018/SupplementaryFigure08,raw,Major satellites TALE;Minor satellites TALE;EB3
SupplementaryFigure08,NocMo.Washout.Embryo3.pattern,Mus musculus x Mus spretus,NCBITaxon,186842,Zygote,UBERON,0000106,NocMo_Embryo3,Washout after treatment by both drugs,Reichman-2018/SupplementaryFigure08,raw,Major satellites TALE;Minor satellites TALE;EB3
SupplementaryFigure09,MoNoc.2_Cell.pattern,Mus musculus,NCBITaxon,10090,2cell,UBERON,0019249,MoNoc.2_Cell.01,Monastrol then nocodazole,Reichman-2018/SupplementaryFigure09,raw,5hmC; Yoyo-1; 5mC
SupplementaryFigure09,MoNoc.8_Cell.pattern,Mus musculus,NCBITaxon,10090,8cell,UBERON,0019252,MoNoc.8_Cell.01,Monastrol then nocodazole,Reichman-2018/SupplementaryFigure09,raw,5hmC; Yoyo-1; 5mC
SupplementaryFigure09,NocMo.2_Cell.pattern,Mus musculus,NCBITaxon,10090,2cell,UBERON,0019249,NocMo.2_Cell.01,Nocodazole then monastrol,Reichman-2018/SupplementaryFigure09,raw,5hmC; Yoyo-1; 5mC
SupplementaryFigure09,NocMo.8_Cell.pattern,Mus musculus,NCBITaxon,10090,8cell,UBERON,0019252,NocMo.8_Cell.01,Nocodazole then monastrol,Reichman-2018/SupplementaryFigure09,raw,5hmC; Yoyo-1; 5mC
SupplementaryFigure09,Untreated.2_Cell.pattern,Mus musculus,NCBITaxon,10090,2cell,UBERON,0019249,Untreated.2_Cell.01,Untreated,Reichman-2018/SupplementaryFigure09,raw,5hmC; Yoyo-1; 5mC
SupplementaryFigure09,Untreated.8_Cell.pattern,Mus musculus,NCBITaxon,10090,8cell,UBERON,0019252,Untreated.8_Cell.01,Untreated,Reichman-2018/SupplementaryFigure09,raw,5hmC; Yoyo-1; 5mC
SupplementaryFigure09,Untreated.Zygote.pattern,Mus musculus,NCBITaxon,10090,Zygote,UBERON,0000106,Untreated.Zygote.01,Untreated,Reichman-2018/SupplementaryFigure09,raw,5hmC; Yoyo-1; 5mC
SupplementaryFigure10A,MoNoc.2_Cell.pattern,Mus musculus,NCBITaxon,10090,2cell,UBERON,0019249,MoNoc.2_Cell.01,Monastrol then nocodazole,Reichman-2018/SupplementaryFigure10A,raw,Hoechst; Ring1B
SupplementaryFigure10A,MoNoc.8_Cell.pattern,Mus musculus,NCBITaxon,10090,8cell,UBERON,0019252,MoNoc.8_Cell.01,Monastrol then nocodazole,Reichman-2018/SupplementaryFigure10A,raw,Hoechst; Ring1B
SupplementaryFigure10A,NocMo.2_Cell.pattern,Mus musculus,NCBITaxon,10090,2cell,UBERON,0019249,NocMo.2_Cell.01,Nocodazole then monastrol,Reichman-2018/SupplementaryFigure10A,raw,Hoechst; Ring1B
SupplementaryFigure10A,NocMo.8_Cell.pattern,Mus musculus,NCBITaxon,10090,8cell,UBERON,0019252,NocMo.8_Cell.01,Nocodazole then monastrol,Reichman-2018/SupplementaryFigure10A,raw,Hoechst; Ring1B
SupplementaryFigure10A,Untreated.2_Cell.pattern,Mus musculus,NCBITaxon,10090,2cell,UBERON,0019249,Untreated.2_Cell.01,Untreated,Reichman-2018/SupplementaryFigure10A,raw,Hoechst; Ring1B
SupplementaryFigure10A,Untreated.8_Cell.pattern,Mus musculus,NCBITaxon,10090,8cell,UBERON,0019252,Untreated.8_Cell.01,Untreated,Reichman-2018/SupplementaryFigure10A,raw,Hoechst; Ring1B
SupplementaryFigure10A,Untreated.Zygote.pattern,Mus musculus,NCBITaxon,10090,Zygote,UBERON,0000106,Untreated.Zygote.01,Untreated,Reichman-2018/SupplementaryFigure10A,raw,Hoechst; Ring1B
SupplementaryFigure10B,MoNoc.2_Cell.pattern,Mus musculus,NCBITaxon,10090,2cell,UBERON,0019249,MoNoc.2_Cell.02,Monastrol then nocodazole,Reichman-2018/SupplementaryFigure10B,raw,Hoechst; H3K9me3
SupplementaryFigure10B,MoNoc.8_Cell.pattern,Mus musculus,NCBITaxon,10090,8cell,UBERON,0019252,MoNoc.8_Cell.01,Monastrol then nocodazole,Reichman-2018/SupplementaryFigure10B,raw,Hoechst; H3K9me3
SupplementaryFigure10B,NocMo.2_Cell.pattern,Mus musculus,NCBITaxon,10090,2cell,UBERON,0019249,NocMo.2_Cell.01,Nocodazole then monastrol,Reichman-2018/SupplementaryFigure10B,raw,Hoechst; H3K9me3
SupplementaryFigure10B,NocMo.8_Cell.pattern,Mus musculus,NCBITaxon,10090,8cell,UBERON,0019252,NocMo.8_Cell.01,Nocodazole then monastrol,Reichman-2018/SupplementaryFigure10B,raw,Hoechst; H3K9me3
SupplementaryFigure10B,Untreated.2_Cell.pattern,Mus musculus,NCBITaxon,10090,2cell,UBERON,0019249,Untreated.2_Cell.01,Untreated,Reichman-2018/SupplementaryFigure10B,raw,Hoechst; H3K9me3
SupplementaryFigure10B,Untreated.8_Cell.pattern,Mus musculus,NCBITaxon,10090,8cell,UBERON,0019252,Untreated.8_Cell.01,Untreated,Reichman-2018/SupplementaryFigure10B,raw,Hoechst; H3K9me3
SupplementaryFigure10B,Untreated.Zygote.pattern,Mus musculus,NCBITaxon,10090,Zygote,UBERON,0000106,Untreated.Zygote.01,Untreated,Reichman-2018/SupplementaryFigure10B,raw,Hoechst; H3K9me3
